run,reference,tagged,comment
102,kenya_subA_NoPrimers,no,
103,kenya_subA_NoPrimers,no,
104,kenya_subA_NoPrimers,no,
107,kenya_subD_NoPrimers,no,
115,kenya_subC_NoPrimers,no,
117,kenya_subD_NoPrimers,no,
118,kenya_subAE_NoPrimers,no,
127,kenya_subA_NoPrimers,no,
129,kenya_subD_NoPrimers,no,
139,kenya_subA_NoPrimers,no,provisional
143,kenya_subA_NoPrimers,no,
152,kenya_subAE_NoPrimers,no,
158,kenya_subA_NoPrimers,no,
160,kenya_subA_NoPrimers,no,
167,kenya_subA_NoPrimers,no,
174,kenya_subAE_NoPrimers,no,
188,kenya_subAE_NoPrimers,no,
189,kenya_subD_NoPrimers,no,
191,kenya_subA_NoPrimers,no,
194,kenya_subA_NoPrimers,no,provisional
196,kenya_subA_NoPrimers,no,
199,kenya_subD_NoPrimers,no,
211,kenya_subA_NoPrimers,no,
214,kenya_subD_NoPrimers,no,
219,kenya_subA_NoPrimers,no,
220,kenya_subD_NoPrimers,no,
225,kenya_subA_NoPrimers,no,
232,kenya_subAE_NoPrimers,no,
235,kenya_subC_NoPrimers,no,
236,kenya_subA_NoPrimers,no,
238,kenya_subAE_NoPrimers,no,
240,kenya_subAE_NoPrimers,no,
242,kenya_subAE_NoPrimers,no,
245,kenya_subA_NoPrimers,no,
252,kenya_subG_NoPrimers,no,
262,kenya_subD_NoPrimers,no,
263,kenya_subA_NoPrimers,no,
266,kenya_subAE_NoPrimers,no,
277,kenya_subA_NoPrimers,no,
PIC27067,AF033819_pol,no,
PIC27067RNA,AF033819_pol,no,
PIC83673,AF033819_pol,no,
PIC83673RNA,AF033819_pol,no,
PIC87014,AF033819_pol,no,
PIC87014RNA,AF033819_pol,no,
PIC11439,AF033819_pol,no,
PIC64236,AF033819_pol,no,
PIC71101,AF033819_pol,no,
PIC78882,AF033819_pol,no,
PIC75688,AF033819_pol,no,
PIC83747,AF033819_pol,no,
PIC34971,AF033819_pol,no,
PIC59530,AF033819_pol,no,
PIC38417,AF033819_pol,no,
PIC14359,AF033819_pol,no,
PIC28477,AF033819_pol,no,
PIC58750,AF033819_pol,no,
PIC41325,AF033819_pol,no,
PIC88403,AF033819_pol,no,
PIC54805,AF033819_pol,no,
PIC16767,AF033819_pol,no,
PIC17543,AF033819_pol,no,
PIC13600,AF033819_pol,no,
PIC23898,AF033819_pol,no,
PIC94960,AF033819_pol,no,
PIC25122,AF033819_pol,no,
PIC26767,AF033819_pol,no,
PIC30756,AF033819_pol,no,
PIC27779,AF033819_pol,no,
PIC68008,AF033819_pol,no,
PIC45799,AF033819_pol,no,
PIC55754,AF033819_pol,no,
PIC60090,AF033819_pol,no,
PIC54566,AF033819_pol,no,
PIC89071,AF033819_pol,no,
PIC64362,AF033819_pol,no,
PIC60841,AF033819_pol,no,
PIC37858,AF033819_pol,no,
PIC66314,AF033819_pol,no,
PIC63245,AF033819_pol,no,
PIC81206,AF033819_pol,no,
PIC27067-RNA-Run3-18-Mar-2015,AF033819_pol,no,
PIC83673-RNA-Run3-18-Mar-2015,AF033819_pol,no,
PIC87014-RNA-Run3-18-Mar-2015,AF033819_pol,no,
PIC38526-RNA-Run3-18-Mar-2015,AF033819_pol,no,
PIC11439-RNA-Run3-18-Mar-2015,AF033819_pol,no,
PIC64236-RNA-Run3-18-Mar-2015,AF033819_pol,no,
PIC78882-RNA-Run3-18-Mar-2015,AF033819_pol,no,
PIC75688-RNA-Run3-18-Mar-2015,AF033819_pol,no,
PIC71276-RNA-Run3-18-Mar-2015,AF033819_pol,no,
PIC83747-RNA-Run3-18-Mar-2015,AF033819_pol,no,
PIC59530-RNA-Run3-18-Mar-2015,AF033819_pol,no,
PIC38417-RNA-Run3-18-Mar-2015,AF033819_pol,no,
PIC14359-RNA-Run3-18-Mar-2015,AF033819_pol,no,
PIC68169-RNA-Run3-18-Mar-2015,AF033819_pol,no,
PIC13600-RNA-Run3-18-Mar-2015,AF033819_pol,no,
PIC23898-DNA-Run3-18-Mar-2015,AF033819_pol,no,
PIC23898-RNA-Run3-18-Mar-2015,AF033819_pol,no,
PIC94960-DNA-Run3-18-Mar-2015,AF033819_pol,no,
PIC94960-RNA-Run3-18-Mar-2015,AF033819_pol,no,
PIC53380-DNA-Run3-18-Mar-2015,AF033819_pol,no,
PIC30756-RNA-Run3-18-Mar-2015,AF033819_pol,no,
PIC27779-RNA-Run3-18-Mar-2015,AF033819_pol,no,
PIC68008-RNA-Run3-18-Mar-2015,AF033819_pol,no,
PIC82712-DNA-Run3-18-Mar-2015,AF033819_pol,no,
PIC82712-RNA-Run3-18-Mar-2015,AF033819_pol,no,
PIC45799-RNA-Run3-18-Mar-2015,AF033819_pol,no,
PIC55754-RNA-Run3-18-Mar-2015,AF033819_pol,no,
PIC99203-RNA-Run3-18-Mar-2015,AF033819_pol,no,
PIC60090-RNA-Run3-18-Mar-2015,AF033819_pol,no,
PIC89071-RNA-Run3-18-Mar-2015,AF033819_pol,no,
PIC64362-RNA-Run3-18-Mar-2015,AF033819_pol,no,
PIC66314-RNA-Run3-18-Mar-2015,AF033819_pol,no,
PIC81206-RNA-Run3-18-Mar-2015,AF033819_pol,no,
pNL4-3-Run3-18-Mar-2015,AF033819_pol,no,
A-Y-RT1-PEPFAR-test,PEPFAR_RT1_HXB2,yes,
A-Y-RT2-PEPFAR-test,PEPFAR_RT2_HXB2,yes,
C-JA-RT1-PEPFAR-test,PEPFAR_RT1_HXB2,yes,
C-JA-RT2-PEPFAR-test,PEPFAR_RT2_HXB2,yes,
KR-214-RT1-PEPFAR-test,PEPFAR_RT1_HXB2,yes,
KR-214-RT2-PEPFAR-test,PEPFAR_RT2_HXB2,yes,
pKS-Q23-17-RT1-PEPFAR-test,PEPFAR_RT1_8E5,yes,
PIC83673-RT1-Run3-18-Mar-2015-tagged,PEPFAR_RT1_HXB2,yes,
PIC83673-RT2-Run3-18-Mar-2015-tagged,PEPFAR_RT2_HXB2,yes,
PIC27779-RT1-Run3-18-Mar-2015-tagged,PEPFAR_RT1_HXB2,yes,
PIC27779-RT2-Run3-18-Mar-2015-tagged,PEPFAR_RT2_HXB2,yes,
PIC45799-RT1-Run3-18-Mar-2015-tagged,PEPFAR_RT1_HXB2,yes,
PIC45799-RT2-Run3-18-Mar-2015-tagged,PEPFAR_RT2_HXB2,yes,
PIC60090-RT1-Run3-18-Mar-2015-tagged,PEPFAR_RT1_HXB2,yes,
PIC60090-RT2-Run3-18-Mar-2015-tagged,PEPFAR_RT2_HXB2,yes,
pNL4-3-RT1-Run3-18-Mar-2015-tagged,PEPFAR_RT1_HXB2,yes,
pNL4-3-RT2-Run3-18-Mar-2015-tagged,PEPFAR_RT2_HXB2,yes,
8E5-control,AF033819_pol,no,
R1116RT1,PEPFAR_RT1_HXB2,no,
R1039RT1,PEPFAR_RT1_HXB2,no
R1162RT1,PEPFAR_RT1_HXB2,no
R1181RT1,PEPFAR_RT1_HXB2,no
R1237RT1,PEPFAR_RT1_HXB2,no
R1253RT1,PEPFAR_RT1_HXB2,no
R1287RT1,PEPFAR_RT1_HXB2,no
R1329RT1,PEPFAR_RT1_HXB2,no
R1337RT1,PEPFAR_RT1_HXB2,no
R1397RT1,PEPFAR_RT1_HXB2,no
R1407RT1,PEPFAR_RT1_HXB2,no
R1559RT1,PEPFAR_RT1_HXB2,no
R1567RT1,PEPFAR_RT1_HXB2,no
R1613RT1,PEPFAR_RT1_HXB2,no
R1622RT1,PEPFAR_RT1_HXB2,no
R1635RT1,PEPFAR_RT1_HXB2,no
R1637RT1,PEPFAR_RT1_HXB2,no
R1644RT1,PEPFAR_RT1_HXB2,no
R1660RT1,PEPFAR_RT1_HXB2,no
R1661RT1,PEPFAR_RT1_HXB2,no
R1662RT1,PEPFAR_RT1_HXB2,no
R2011RT1,PEPFAR_RT1_HXB2,no
R2019RT1,PEPFAR_RT1_HXB2,no
R2090RT1,PEPFAR_RT1_HXB2,no
R3150RT1,PEPFAR_RT1_HXB2,no
R1039RT2,PEPFAR_RT2_HXB2,no
R1116RT2,PEPFAR_RT2_HXB2,no
R1162RT2,PEPFAR_RT2_HXB2,no
R1181RT2,PEPFAR_RT2_HXB2,no
R1237RT2,PEPFAR_RT2_HXB2,no
R1253RT2,PEPFAR_RT2_HXB2,no
R1287RT2,PEPFAR_RT2_HXB2,no
R1329RT2,PEPFAR_RT2_HXB2,no
R1337RT2,PEPFAR_RT2_HXB2,no
R1397RT2,PEPFAR_RT2_HXB2,no
R1407RT2,PEPFAR_RT2_HXB2,no
R1559RT2,PEPFAR_RT2_HXB2,no
R1567RT2,PEPFAR_RT2_HXB2,no
R1613RT2,PEPFAR_RT2_HXB2,no
R1622RT2,PEPFAR_RT2_HXB2,no
R1635RT2,PEPFAR_RT2_HXB2,no
R1637RT2,PEPFAR_RT2_HXB2,no
R1644RT2,PEPFAR_RT2_HXB2,no
R1660RT2,PEPFAR_RT2_HXB2,no
R1661RT2,PEPFAR_RT2_HXB2,no
R1662RT2,PEPFAR_RT2_HXB2,no
R2011RT2,PEPFAR_RT2_HXB2,no
R2019RT2,PEPFAR_RT2_HXB2,no
R2090RT2,PEPFAR_RT2_HXB2,no
R3150RT2,PEPFAR_RT2_HXB2,no
pKS-pol-ill-RT2_run4,PEPFAR_RT2_HXB2,no
pKS-pol-ill-RT1_run8,PEPFAR_RT2_HXB2,no
pKS-pol-ill-RT2_run8,PEPFAR_RT2_HXB2,no
R3159RT1,PEPFAR_RT1_HXB2,yes,
R3159RT2,PEPFAR_RT2_HXB2,yes,
R1270RT1,PEPFAR_RT1_HXB2,yes,
R1490RT1,PEPFAR_RT1_HXB2,yes,
R1512RT1,PEPFAR_RT1_HXB2,yes,
R1524RT1,PEPFAR_RT1_HXB2,yes,
R1556RT1,PEPFAR_RT1_HXB2,yes,
R1573RT1,PEPFAR_RT1_HXB2,yes,
R1574RT1,PEPFAR_RT1_HXB2,yes,
R1575RT1,PEPFAR_RT1_HXB2,yes,
R1589RT1,PEPFAR_RT1_HXB2,yes,
R1610RT1,PEPFAR_RT1_HXB2,yes,
R1642RT1,PEPFAR_RT1_HXB2,yes,
R1657RT1,PEPFAR_RT1_HXB2,yes,
R1663RT1,PEPFAR_RT1_HXB2,yes,
R1664RT1,PEPFAR_RT1_HXB2,yes,
R1672RT1,PEPFAR_RT1_HXB2,yes,
R2062RT1,PEPFAR_RT1_HXB2,yes,
R3159RT1,PEPFAR_RT1_HXB2,yes,
R3169RT1,PEPFAR_RT1_HXB2,yes,
R1270RT2,PEPFAR_RT2_HXB2,yes,
R1490RT2,PEPFAR_RT2_HXB2,yes,
R1512RT2,PEPFAR_RT2_HXB2,yes,
R1524RT2,PEPFAR_RT2_HXB2,yes,
R1556RT2,PEPFAR_RT2_HXB2,yes,
R1573RT2,PEPFAR_RT2_HXB2,yes,
R1574RT2,PEPFAR_RT2_HXB2,yes,
R1575RT2,PEPFAR_RT2_HXB2,yes,
R1589RT2,PEPFAR_RT2_HXB2,yes,
R1610RT2,PEPFAR_RT2_HXB2,yes,
R1642RT2,PEPFAR_RT2_HXB2,yes,
R1657RT2,PEPFAR_RT2_HXB2,yes,
R1663RT2,PEPFAR_RT2_HXB2,yes,
R1664RT2,PEPFAR_RT2_HXB2,yes,
R1672RT2,PEPFAR_RT2_HXB2,yes,
R2062RT2,PEPFAR_RT2_HXB2,yes,
R3159RT2,PEPFAR_RT2_HXB2,yes,
R3169RT2,PEPFAR_RT2_HXB2,yes,
R1011RT1,PEPFAR_RT1_HXB2,yes,
R1023RT1,PEPFAR_RT1_HXB2,yes,
R1045RT1,PEPFAR_RT1_HXB2,yes,
R1050RT1,PEPFAR_RT1_HXB2,yes,
R1057RT1,PEPFAR_RT1_HXB2,yes,
R1063RT1,PEPFAR_RT1_HXB2,yes,
R1072RT1,PEPFAR_RT1_HXB2,yes,
R1090RT1,PEPFAR_RT1_HXB2,yes,
R1100RT1,PEPFAR_RT1_HXB2,yes,
R1102RT1,PEPFAR_RT1_HXB2,yes,
R1114RT1,PEPFAR_RT1_HXB2,yes,
R1117RT1,PEPFAR_RT1_HXB2,yes,
R1136RT1,PEPFAR_RT1_HXB2,yes,
R1139RT1,PEPFAR_RT1_HXB2,yes,
R1145RT1,PEPFAR_RT1_HXB2,yes,
R1151RT1,PEPFAR_RT1_HXB2,yes,
R1156RT1,PEPFAR_RT1_HXB2,yes,
R1167RT1,PEPFAR_RT1_HXB2,yes,
R1174RT1,PEPFAR_RT1_HXB2,yes,
R1199RT1,PEPFAR_RT1_HXB2,yes,
R1207RT1,PEPFAR_RT1_HXB2,yes,
R1214RT1,PEPFAR_RT1_HXB2,yes,
R1234RT1,PEPFAR_RT1_HXB2,yes,
R1258RT1,PEPFAR_RT1_HXB2,yes,
R1263RT1,PEPFAR_RT1_HXB2,yes,
R1282RT1,PEPFAR_RT1_HXB2,yes,
R1293RT1,PEPFAR_RT1_HXB2,yes,
R1312RT1,PEPFAR_RT1_HXB2,yes,
R1338RT1,PEPFAR_RT1_HXB2,yes,
R1355RT1,PEPFAR_RT1_HXB2,yes,
R1366RT1,PEPFAR_RT1_HXB2,yes,
R1375RT1,PEPFAR_RT1_HXB2,yes,
R1408RT1,PEPFAR_RT1_HXB2,yes,
R1417RT1,PEPFAR_RT1_HXB2,yes,
R2001RT1,PEPFAR_RT1_HXB2,yes,
R3071RT1,PEPFAR_RT1_HXB2,yes,
R3150RT1,PEPFAR_RT1_HXB2,yes,
R3160RT1,PEPFAR_RT1_HXB2,yes,
R3161RT1,PEPFAR_RT1_HXB2,yes,
R3197RT1,PEPFAR_RT1_HXB2,yes,
R1002RT1,PEPFAR_RT1_HXB2,yes,
R1075RT1,PEPFAR_RT1_HXB2,yes,
R1094RT1,PEPFAR_RT1_HXB2,yes,
R1228RT1,PEPFAR_RT1_HXB2,yes,
R1322RT1,PEPFAR_RT1_HXB2,yes,
R3089RT1,PEPFAR_RT1_HXB2,yes,
R1011RT2,PEPFAR_RT2_HXB2,yes,
R1023RT2,PEPFAR_RT2_HXB2,yes,
R1045RT2,PEPFAR_RT2_HXB2,yes,
R1050RT2,PEPFAR_RT2_HXB2,yes,
R1057RT2,PEPFAR_RT2_HXB2,yes,
R1063RT2,PEPFAR_RT2_HXB2,yes,
R1072RT2,PEPFAR_RT2_HXB2,yes,
R1090RT2,PEPFAR_RT2_HXB2,yes,
R1100RT2,PEPFAR_RT2_HXB2,yes,
R1102RT2,PEPFAR_RT2_HXB2,yes,
R1114RT2,PEPFAR_RT2_HXB2,yes,
R1117RT2,PEPFAR_RT2_HXB2,yes,
R1136RT2,PEPFAR_RT2_HXB2,yes,
R1139RT2,PEPFAR_RT2_HXB2,yes,
R1145RT2,PEPFAR_RT2_HXB2,yes,
R1151RT2,PEPFAR_RT2_HXB2,yes,
R1156RT2,PEPFAR_RT2_HXB2,yes,
R1167RT2,PEPFAR_RT2_HXB2,yes,
R1174RT2,PEPFAR_RT2_HXB2,yes,
R1199RT2,PEPFAR_RT2_HXB2,yes,
R1207RT2,PEPFAR_RT2_HXB2,yes,
R1214RT2,PEPFAR_RT2_HXB2,yes,
R1234RT2,PEPFAR_RT2_HXB2,yes,
R1258RT2,PEPFAR_RT2_HXB2,yes,
R1263RT2,PEPFAR_RT2_HXB2,yes,
R1282RT2,PEPFAR_RT2_HXB2,yes,
R1293RT2,PEPFAR_RT2_HXB2,yes,
R1312RT2,PEPFAR_RT2_HXB2,yes,
R1338RT2,PEPFAR_RT2_HXB2,yes,
R1355RT2,PEPFAR_RT2_HXB2,yes,
R1366RT2,PEPFAR_RT2_HXB2,yes,
R1375RT2,PEPFAR_RT2_HXB2,yes,
R1408RT2,PEPFAR_RT2_HXB2,yes,
R1417RT2,PEPFAR_RT2_HXB2,yes,
R2001RT2,PEPFAR_RT2_HXB2,yes,
R3071RT2,PEPFAR_RT2_HXB2,yes,
R3150RT2,PEPFAR_RT2_HXB2,yes,
R3160RT2,PEPFAR_RT2_HXB2,yes,
R3161RT2,PEPFAR_RT2_HXB2,yes,
R3197RT2,PEPFAR_RT2_HXB2,yes,
R1002RT2,PEPFAR_RT2_HXB2,yes,
R1075RT2,PEPFAR_RT2_HXB2,yes,
R1094RT2,PEPFAR_RT2_HXB2,yes,
R1228RT2,PEPFAR_RT2_HXB2,yes,
R1322RT2,PEPFAR_RT2_HXB2,yes,
R3089RT2,PEPFAR_RT2_HXB2,yes,
R1003RT1,PEPFAR_RT1_HXB2,yes,
R1012RT1,PEPFAR_RT1_HXB2,yes,
R1025RT1,PEPFAR_RT1_HXB2,yes,
R1031RT1,PEPFAR_RT1_HXB2,yes,
R1036RT1,PEPFAR_RT1_HXB2,yes,
R1037RT1,PEPFAR_RT1_HXB2,yes,
R1047RT1,PEPFAR_RT1_HXB2,yes,
R1056RT1,PEPFAR_RT1_HXB2,yes,
R1064RT1,PEPFAR_RT1_HXB2,yes,
R1082RT1,PEPFAR_RT1_HXB2,yes,
R1086RT1,PEPFAR_RT1_HXB2,yes,
R1108RT1,PEPFAR_RT1_HXB2,yes,
R1116RT1,PEPFAR_RT1_HXB2,yes,
R1152RT1,PEPFAR_RT1_HXB2,yes,
R1158RT1,PEPFAR_RT1_HXB2,yes,
R1163RT1,PEPFAR_RT1_HXB2,yes,
R1168RT1,PEPFAR_RT1_HXB2,yes,
R1208RT1,PEPFAR_RT1_HXB2,yes,
R1212RT1,PEPFAR_RT1_HXB2,yes,
R1224RT1,PEPFAR_RT1_HXB2,yes,
R1227RT1,PEPFAR_RT1_HXB2,yes,
R1243RT1,PEPFAR_RT1_HXB2,yes,
R1252RT1,PEPFAR_RT1_HXB2,yes,
R1255RT1,PEPFAR_RT1_HXB2,yes,
R1256RT1,PEPFAR_RT1_HXB2,yes,
R1273RT1,PEPFAR_RT1_HXB2,yes,
R1286RT1,PEPFAR_RT1_HXB2,yes,
R1290RT1,PEPFAR_RT1_HXB2,yes,
R1295RT1,PEPFAR_RT1_HXB2,yes,
R1296RT1,PEPFAR_RT1_HXB2,yes,
R1321RT1,PEPFAR_RT1_HXB2,yes,
R1335RT1,PEPFAR_RT1_HXB2,yes,
R1339RT1,PEPFAR_RT1_HXB2,yes,
R1343RT1,PEPFAR_RT1_HXB2,yes,
R1348RT1,PEPFAR_RT1_HXB2,yes,
R1351RT1,PEPFAR_RT1_HXB2,yes,
R1363RT1,PEPFAR_RT1_HXB2,yes,
R1379RT1,PEPFAR_RT1_HXB2,yes,
R1381RT1,PEPFAR_RT1_HXB2,yes,
R1391RT1,PEPFAR_RT1_HXB2,yes,
R1397RT1,PEPFAR_RT1_HXB2,yes,
R1401RT1,PEPFAR_RT1_HXB2,yes,
R1445RT1,PEPFAR_RT1_HXB2,yes,
R1477RT1,PEPFAR_RT1_HXB2,yes,
R1489RT1,PEPFAR_RT1_HXB2,yes,
R3085RT1,PEPFAR_RT1_HXB2,yes,
R1003RT2,PEPFAR_RT2_HXB2,yes,
R1012RT2,PEPFAR_RT2_HXB2,yes,
R1025RT2,PEPFAR_RT2_HXB2,yes,
R1031RT2,PEPFAR_RT2_HXB2,yes,
R1036RT2,PEPFAR_RT2_HXB2,yes,
R1037RT2,PEPFAR_RT2_HXB2,yes,
R1047RT2,PEPFAR_RT2_HXB2,yes,
R1056RT2,PEPFAR_RT2_HXB2,yes,
R1064RT2,PEPFAR_RT2_HXB2,yes,
R1082RT2,PEPFAR_RT2_HXB2,yes,
R1086RT2,PEPFAR_RT2_HXB2,yes,
R1108RT2,PEPFAR_RT2_HXB2,yes,
R1116RT2,PEPFAR_RT2_HXB2,yes,
R1152RT2,PEPFAR_RT2_HXB2,yes,
R1158RT2,PEPFAR_RT2_HXB2,yes,
R1163RT2,PEPFAR_RT2_HXB2,yes,
R1168RT2,PEPFAR_RT2_HXB2,yes,
R1208RT2,PEPFAR_RT2_HXB2,yes,
R1212RT2,PEPFAR_RT2_HXB2,yes,
R1224RT2,PEPFAR_RT2_HXB2,yes,
R1227RT2,PEPFAR_RT2_HXB2,yes,
R1243RT2,PEPFAR_RT2_HXB2,yes,
R1252RT2,PEPFAR_RT2_HXB2,yes,
R1255RT2,PEPFAR_RT2_HXB2,yes,
R1256RT2,PEPFAR_RT2_HXB2,yes,
R1273RT2,PEPFAR_RT2_HXB2,yes,
R1286RT2,PEPFAR_RT2_HXB2,yes,
R1290RT2,PEPFAR_RT2_HXB2,yes,
R1295RT2,PEPFAR_RT2_HXB2,yes,
R1296RT2,PEPFAR_RT2_HXB2,yes,
R1321RT2,PEPFAR_RT2_HXB2,yes,
R1335RT2,PEPFAR_RT2_HXB2,yes,
R1339RT2,PEPFAR_RT2_HXB2,yes,
R1343RT2,PEPFAR_RT2_HXB2,yes,
R1348RT2,PEPFAR_RT2_HXB2,yes,
R1351RT2,PEPFAR_RT2_HXB2,yes,
R1363RT2,PEPFAR_RT2_HXB2,yes,
R1379RT2,PEPFAR_RT2_HXB2,yes,
R1381RT2,PEPFAR_RT2_HXB2,yes,
R1391RT2,PEPFAR_RT2_HXB2,yes,
R1397RT2,PEPFAR_RT2_HXB2,yes,
R1401RT2,PEPFAR_RT2_HXB2,yes,
R1445RT2,PEPFAR_RT2_HXB2,yes,
R1477RT2,PEPFAR_RT2_HXB2,yes,
R1489RT2,PEPFAR_RT2_HXB2,yes,
R3085RT2,PEPFAR_RT2_HXB2,yes,
R1370RT1,PEPFAR_RT1_HXB2,yes,
R1371RT1,PEPFAR_RT1_HXB2,yes,
R1373RT1,PEPFAR_RT1_HXB2,yes,
R1396RT1,PEPFAR_RT1_HXB2,yes,
R1403RT1,PEPFAR_RT1_HXB2,yes,
R1412RT1,PEPFAR_RT1_HXB2,yes,
R1430RT1,PEPFAR_RT1_HXB2,yes,
R1434RT1,PEPFAR_RT1_HXB2,yes,
R1443RT1,PEPFAR_RT1_HXB2,yes,
R1447RT1,PEPFAR_RT1_HXB2,yes,
R1467RT1,PEPFAR_RT1_HXB2,yes,
R1468RT1,PEPFAR_RT1_HXB2,yes,
R1470RT1,PEPFAR_RT1_HXB2,yes,
R1499RT1,PEPFAR_RT1_HXB2,yes,
R1522RT1,PEPFAR_RT1_HXB2,yes,
R1533RT1,PEPFAR_RT1_HXB2,yes,
R1536RT1,PEPFAR_RT1_HXB2,yes,
R1542RT1,PEPFAR_RT1_HXB2,yes,
R1543RT1,PEPFAR_RT1_HXB2,yes,
R1550RT1,PEPFAR_RT1_HXB2,yes,
R1563RT1,PEPFAR_RT1_HXB2,yes,
R1566RT1,PEPFAR_RT1_HXB2,yes,
R1570RT1,PEPFAR_RT1_HXB2,yes,
R1572RT1,PEPFAR_RT1_HXB2,yes,
R1576RT1,PEPFAR_RT1_HXB2,yes,
R1580RT1,PEPFAR_RT1_HXB2,yes,
R1584RT1,PEPFAR_RT1_HXB2,yes,
R1595RT1,PEPFAR_RT1_HXB2,yes,
R1598RT1,PEPFAR_RT1_HXB2,yes,
R1600RT1,PEPFAR_RT1_HXB2,yes,
R1601RT1,PEPFAR_RT1_HXB2,yes,
R1609RT1,PEPFAR_RT1_HXB2,yes,
R1611RT1,PEPFAR_RT1_HXB2,yes,
R1624RT1,PEPFAR_RT1_HXB2,yes,
R1633RT1,PEPFAR_RT1_HXB2,yes,
R1634RT1,PEPFAR_RT1_HXB2,yes,
R1647RT1,PEPFAR_RT1_HXB2,yes,
R1650RT1,PEPFAR_RT1_HXB2,yes,
R2044RT1,PEPFAR_RT1_HXB2,yes,
R3090RT1,PEPFAR_RT1_HXB2,yes,
R3171RT1,PEPFAR_RT1_HXB2,yes,
R3177RT1,PEPFAR_RT1_HXB2,yes,
R3186RT1,PEPFAR_RT1_HXB2,yes,
R3234RT1,PEPFAR_RT1_HXB2,yes,
R1370RT2,PEPFAR_RT2_HXB2,yes,
R1371RT2,PEPFAR_RT2_HXB2,yes,
R1373RT2,PEPFAR_RT2_HXB2,yes,
R1396RT2,PEPFAR_RT2_HXB2,yes,
R1403RT2,PEPFAR_RT2_HXB2,yes,
R1412RT2,PEPFAR_RT2_HXB2,yes,
R1430RT2,PEPFAR_RT2_HXB2,yes,
R1434RT2,PEPFAR_RT2_HXB2,yes,
R1443RT2,PEPFAR_RT2_HXB2,yes,
R1447RT2,PEPFAR_RT2_HXB2,yes,
R1467RT2,PEPFAR_RT2_HXB2,yes,
R1468RT2,PEPFAR_RT2_HXB2,yes,
R1470RT2,PEPFAR_RT2_HXB2,yes,
R1499RT2,PEPFAR_RT2_HXB2,yes,
R1522RT2,PEPFAR_RT2_HXB2,yes,
R1533RT2,PEPFAR_RT2_HXB2,yes,
R1536RT2,PEPFAR_RT2_HXB2,yes,
R1542RT2,PEPFAR_RT2_HXB2,yes,
R1543RT2,PEPFAR_RT2_HXB2,yes,
R1550RT2,PEPFAR_RT2_HXB2,yes,
R1563RT2,PEPFAR_RT2_HXB2,yes,
R1566RT2,PEPFAR_RT2_HXB2,yes,
R1570RT2,PEPFAR_RT2_HXB2,yes,
R1572RT2,PEPFAR_RT2_HXB2,yes,
R1576RT2,PEPFAR_RT2_HXB2,yes,
R1580RT2,PEPFAR_RT2_HXB2,yes,
R1584RT2,PEPFAR_RT2_HXB2,yes,
R1595RT2,PEPFAR_RT2_HXB2,yes,
R1598RT2,PEPFAR_RT2_HXB2,yes,
R1600RT2,PEPFAR_RT2_HXB2,yes,
R1601RT2,PEPFAR_RT2_HXB2,yes,
R1609RT2,PEPFAR_RT2_HXB2,yes,
R1611RT2,PEPFAR_RT2_HXB2,yes,
R1624RT2,PEPFAR_RT2_HXB2,yes,
R1633RT2,PEPFAR_RT2_HXB2,yes,
R1634RT2,PEPFAR_RT2_HXB2,yes,
R1647RT2,PEPFAR_RT2_HXB2,yes,
R1650RT2,PEPFAR_RT2_HXB2,yes,
R2044RT2,PEPFAR_RT2_HXB2,yes,
R3090RT2,PEPFAR_RT2_HXB2,yes,
R3171RT2,PEPFAR_RT2_HXB2,yes,
R3177RT2,PEPFAR_RT2_HXB2,yes,
R3186RT2,PEPFAR_RT2_HXB2,yes,
R3234RT2,PEPFAR_RT2_HXB2,yes,
pKS-pol-ill-RT1_run6,PEPFAR_RT1_HXB2,no
pKS-pol-ill-RT2_run6,PEPFAR_RT2_HXB2,no
PIC87014RT1,PEPFAR_RT1_HXB2,no,
PIC64236RT1,PEPFAR_RT1_HXB2,no,
PIC71101RT1,PEPFAR_RT1_HXB2,no,
PIC78882RT1,PEPFAR_RT1_HXB2,no,
PIC34971RT1,PEPFAR_RT1_HXB2,no,
PIC28477RT1,PEPFAR_RT1_HXB2,no
PIC16767RT1,PEPFAR_RT1_HXB2,no,
PIC13600RT1,PEPFAR_RT1_HXB2,no,
PIC23898RT1,PEPFAR_RT1_HXB2,no,
PIC94960RT1,PEPFAR_RT1_HXB2,no,
PIC30756RT1,PEPFAR_RT1_HXB2,no,
PIC27779RT1,PEPFAR_RT1_HXB2,no,
PIC68008RT1,PEPFAR_RT1_HXB2,no,
PIC45799RT1,PEPFAR_RT1_HXB2,no,
PIC60090RT1,PEPFAR_RT1_HXB2,no,
PIC66314RT1,PEPFAR_RT1_HXB2,no,
PIC63245RT1,PEPFAR_RT1_HXB2,no,
PIC81206RT1,PEPFAR_RT1_HXB2,no,
PIC87014RT2,PEPFAR_RT2_HXB2,no
PIC64236RT2,PEPFAR_RT2_HXB2,no
PIC71101RT2,PEPFAR_RT2_HXB2,no
PIC78882RT2,PEPFAR_RT2_HXB2,no
PIC34971RT2,PEPFAR_RT2_HXB2,no
PIC28477RT2,PEPFAR_RT2_HXB2,no
PIC16767RT2,PEPFAR_RT2_HXB2,no
PIC13600RT2,PEPFAR_RT2_HXB2,no
PIC23898RT2,PEPFAR_RT2_HXB2,no
PIC94960RT2,PEPFAR_RT2_HXB2,no
PIC30756RT2,PEPFAR_RT2_HXB2,no
PIC27779RT2,PEPFAR_RT2_HXB2,no
PIC68008RT2,PEPFAR_RT2_HXB2,no
PIC45799RT2,PEPFAR_RT2_HXB2,no
PIC60090RT2,PEPFAR_RT2_HXB2,no
PIC66314RT2,PEPFAR_RT2_HXB2,no
PIC63245RT2,PEPFAR_RT2_HXB2,no
PIC81206RT2,PEPFAR_RT2_HXB2,no
PIC66314_EC_RT1,PEPFAR_RT1_HXB2,no
PIC63245_EC_RT1,PEPFAR_RT1_HXB2,no
PIC27067_EC_RT2,PEPFAR_RT2_HXB2,no
PIC11439_EC_RT2,PEPFAR_RT2_HXB2,no
PIC64236_EC_RT2,PEPFAR_RT2_HXB2,no
PIC78882_EC_RT2,PEPFAR_RT2_HXB2,no
PIC34971_EC_RT2,PEPFAR_RT2_HXB2,no
PIC16767_EC_RT2,PEPFAR_RT2_HXB2,no
PIC13600_EC_RT2,PEPFAR_RT2_HXB2,no
PIC23898_EC_RT2,PEPFAR_RT2_HXB2,no
PIC94960_EC_RT2,PEPFAR_RT2_HXB2,no
PIC25122_EC_RT2,PEPFAR_RT2_HXB2,no
PIC30756_EC_RT2,PEPFAR_RT2_HXB2,no
PIC27779_EC_RT2,PEPFAR_RT2_HXB2,no
PIC68008_EC_RT2,PEPFAR_RT2_HXB2,no
PIC45799_EC_RT2,PEPFAR_RT2_HXB2,no
PIC60090_EC_RT2,PEPFAR_RT2_HXB2,no
PIC60841_EC_RT2,PEPFAR_RT2_HXB2,no
PIC37858_EC_RT2,PEPFAR_RT2_HXB2,no
PIC66314_EC_RT2,PEPFAR_RT2_HXB2,no
PIC63245_EC_RT2,PEPFAR_RT2_HXB2,no
PIC81206_EC_RT2,PEPFAR_RT2_HXB2,no
PIC27067_12wk_RT2,PEPFAR_RT2_HXB2,no
PIC60090_12wk_RT2,PEPFAR_RT2_HXB2,no
pNL4-3-1,PEPFAR_RT1_HXB2,no
pNLR-3-2,PEPFAR_RT2_HXB2,no
R1001RT1,PEPFAR_RT1_HXB2,yes,
R1007RT1,PEPFAR_RT1_HXB2,yes,
R1013RT1,PEPFAR_RT1_HXB2,yes,
R1016RT1,PEPFAR_RT1_HXB2,yes,
R1046RT1,PEPFAR_RT1_HXB2,yes,
R1128RT1,PEPFAR_RT1_HXB2,yes,
R1129RT1,PEPFAR_RT1_HXB2,yes,
R1176RT1,PEPFAR_RT1_HXB2,yes,
R1181RT1,PEPFAR_RT1_HXB2,yes,
R1197RT1,PEPFAR_RT1_HXB2,yes,
R1215RT1,PEPFAR_RT1_HXB2,yes,
R1226RT1,PEPFAR_RT1_HXB2,yes,
R1259RT1,PEPFAR_RT1_HXB2,yes,
R1317RT1,PEPFAR_RT1_HXB2,yes,
R1325RT1,PEPFAR_RT1_HXB2,yes,
R1448RT1,PEPFAR_RT1_HXB2,yes,
R1449RT1,PEPFAR_RT1_HXB2,yes,
R1452RT1,PEPFAR_RT1_HXB2,yes,
R1463RT1,PEPFAR_RT1_HXB2,yes,
R1481RT1,PEPFAR_RT1_HXB2,yes,
R1491RT1,PEPFAR_RT1_HXB2,yes,
R1495RT1,PEPFAR_RT1_HXB2,yes,
R1500RT1,PEPFAR_RT1_HXB2,yes,
R1505RT1,PEPFAR_RT1_HXB2,yes,
R1510RT1,PEPFAR_RT1_HXB2,yes,
R1514RT1,PEPFAR_RT1_HXB2,yes,
R1532RT1,PEPFAR_RT1_HXB2,yes,
R1545RT1,PEPFAR_RT1_HXB2,yes,
R1548RT1,PEPFAR_RT1_HXB2,yes,
R1549RT1,PEPFAR_RT1_HXB2,yes,
R1571RT1,PEPFAR_RT1_HXB2,yes,
R1581RT1,PEPFAR_RT1_HXB2,yes,
R1606RT1,PEPFAR_RT1_HXB2,yes,
R1623RT1,PEPFAR_RT1_HXB2,yes,
R1632RT1,PEPFAR_RT1_HXB2,yes,
R1652RT1,PEPFAR_RT1_HXB2,yes,
R1654RT1,PEPFAR_RT1_HXB2,yes,
R1665RT1,PEPFAR_RT1_HXB2,yes,
R1669RT1,PEPFAR_RT1_HXB2,yes,
R2050RT1,PEPFAR_RT1_HXB2,yes,
R2083RT1,PEPFAR_RT1_HXB2,yes,
R3002RT1,PEPFAR_RT1_HXB2,yes,
R3017RT1,PEPFAR_RT1_HXB2,yes,
R3048RT1,PEPFAR_RT1_HXB2,yes,
R3131RT1,PEPFAR_RT1_HXB2,yes,
R3133RT1,PEPFAR_RT1_HXB2,yes,
R3187RT1,PEPFAR_RT1_HXB2,yes,
R1001RT2,PEPFAR_RT2_HXB2,yes,
R1007RT2,PEPFAR_RT2_HXB2,yes,
R1013RT2,PEPFAR_RT2_HXB2,yes,
R1016RT2,PEPFAR_RT2_HXB2,yes,
R1046RT2,PEPFAR_RT2_HXB2,yes,
R1128RT2,PEPFAR_RT2_HXB2,yes,
R1129RT2,PEPFAR_RT2_HXB2,yes,
R1176RT2,PEPFAR_RT2_HXB2,yes,
R1181RT2,PEPFAR_RT2_HXB2,yes,
R1197RT2,PEPFAR_RT2_HXB2,yes,
R1215RT2,PEPFAR_RT2_HXB2,yes,
R1226RT2,PEPFAR_RT2_HXB2,yes,
R1259RT2,PEPFAR_RT2_HXB2,yes,
R1317RT2,PEPFAR_RT2_HXB2,yes,
R1325RT2,PEPFAR_RT2_HXB2,yes,
R1448RT2,PEPFAR_RT2_HXB2,yes,
R1449RT2,PEPFAR_RT2_HXB2,yes,
R1452RT2,PEPFAR_RT2_HXB2,yes,
R1463RT2,PEPFAR_RT2_HXB2,yes,
R1481RT2,PEPFAR_RT2_HXB2,yes,
R1491RT2,PEPFAR_RT2_HXB2,yes,
R1495RT2,PEPFAR_RT2_HXB2,yes,
R1500RT2,PEPFAR_RT2_HXB2,yes,
R1505RT2,PEPFAR_RT2_HXB2,yes,
R1510RT2,PEPFAR_RT2_HXB2,yes,
R1514RT2,PEPFAR_RT2_HXB2,yes,
R1532RT2,PEPFAR_RT2_HXB2,yes,
R1545RT2,PEPFAR_RT2_HXB2,yes,
R1548RT2,PEPFAR_RT2_HXB2,yes,
R1549RT2,PEPFAR_RT2_HXB2,yes,
R1571RT2,PEPFAR_RT2_HXB2,yes,
R1581RT2,PEPFAR_RT2_HXB2,yes,
R1606RT2,PEPFAR_RT2_HXB2,yes,
R1623RT2,PEPFAR_RT2_HXB2,yes,
R1632RT2,PEPFAR_RT2_HXB2,yes,
R1652RT2,PEPFAR_RT2_HXB2,yes,
R1654RT2,PEPFAR_RT2_HXB2,yes,
R1665RT2,PEPFAR_RT2_HXB2,yes,
R1669RT2,PEPFAR_RT2_HXB2,yes,
R2050RT2,PEPFAR_RT2_HXB2,yes,
R2083RT2,PEPFAR_RT2_HXB2,yes,
R3002RT2,PEPFAR_RT2_HXB2,yes,
R3017RT2,PEPFAR_RT2_HXB2,yes,
R3048RT2,PEPFAR_RT2_HXB2,yes,
R3131RT2,PEPFAR_RT2_HXB2,yes,
R3133RT2,PEPFAR_RT2_HXB2,yes,
R3187RT2,PEPFAR_RT2_HXB2,yes,
R1005RT1,PEPFAR_RT1_HXB2,yes,
R1027RT1,PEPFAR_RT1_HXB2,yes,
R1028RT1,PEPFAR_RT1_HXB2,yes,
R1030RT1,PEPFAR_RT1_HXB2,yes,
R1049RT1,PEPFAR_RT1_HXB2,yes,
R1069RT1,PEPFAR_RT1_HXB2,yes,
R1077RT1,PEPFAR_RT1_HXB2,yes,
R1092RT1,PEPFAR_RT1_HXB2,yes,
R1096RT1,PEPFAR_RT1_HXB2,yes,
R1097RT1,PEPFAR_RT1_HXB2,yes,
R1112RT1,PEPFAR_RT1_HXB2,yes,
R1122RT1,PEPFAR_RT1_HXB2,yes,
R1131RT1,PEPFAR_RT1_HXB2,yes,
R1138RT1,PEPFAR_RT1_HXB2,yes,
R1142RT1,PEPFAR_RT1_HXB2,yes,
R1146RT1,PEPFAR_RT1_HXB2,yes,
R1154RT1,PEPFAR_RT1_HXB2,yes,
R1155RT1,PEPFAR_RT1_HXB2,yes,
R1165RT1,PEPFAR_RT1_HXB2,yes,
R1182RT1,PEPFAR_RT1_HXB2,yes,
R1193RT1,PEPFAR_RT1_HXB2,yes,
R1201RT1,PEPFAR_RT1_HXB2,yes,
R1203RT1,PEPFAR_RT1_HXB2,yes,
R1218RT1,PEPFAR_RT1_HXB2,yes,
R1222RT1,PEPFAR_RT1_HXB2,yes,
R1239RT1,PEPFAR_RT1_HXB2,yes,
R1251RT1,PEPFAR_RT1_HXB2,yes,
R1279RT1,PEPFAR_RT1_HXB2,yes,
R1288RT1,PEPFAR_RT1_HXB2,yes,
R1289RT1,PEPFAR_RT1_HXB2,yes,
R1323RT1,PEPFAR_RT1_HXB2,yes,
R1374RT1,PEPFAR_RT1_HXB2,yes,
R1380RT1,PEPFAR_RT1_HXB2,yes,
R1385RT1,PEPFAR_RT1_HXB2,yes,
R1414RT1,PEPFAR_RT1_HXB2,yes,
R1423RT1,PEPFAR_RT1_HXB2,yes,
R1440RT1,PEPFAR_RT1_HXB2,yes,
R1459RT1,PEPFAR_RT1_HXB2,yes,
R1475RT1,PEPFAR_RT1_HXB2,yes,
R1507RT1,PEPFAR_RT1_HXB2,yes,
R1519RT1,PEPFAR_RT1_HXB2,yes,
R1521RT1,PEPFAR_RT1_HXB2,yes,
R1615RT1,PEPFAR_RT1_HXB2,yes,
R2032RT1,PEPFAR_RT1_HXB2,yes,
R1005RT2,PEPFAR_RT2_HXB2,yes,
R1027RT2,PEPFAR_RT2_HXB2,yes,
R1028RT2,PEPFAR_RT2_HXB2,yes,
R1030RT2,PEPFAR_RT2_HXB2,yes,
R1049RT2,PEPFAR_RT2_HXB2,yes,
R1069RT2,PEPFAR_RT2_HXB2,yes,
R1077RT2,PEPFAR_RT2_HXB2,yes,
R1092RT2,PEPFAR_RT2_HXB2,yes,
R1096RT2,PEPFAR_RT2_HXB2,yes,
R1097RT2,PEPFAR_RT2_HXB2,yes,
R1112RT2,PEPFAR_RT2_HXB2,yes,
R1122RT2,PEPFAR_RT2_HXB2,yes,
R1131RT2,PEPFAR_RT2_HXB2,yes,
R1138RT2,PEPFAR_RT2_HXB2,yes,
R1142RT2,PEPFAR_RT2_HXB2,yes,
R1146RT2,PEPFAR_RT2_HXB2,yes,
R1154RT2,PEPFAR_RT2_HXB2,yes,
R1155RT2,PEPFAR_RT2_HXB2,yes,
R1165RT2,PEPFAR_RT2_HXB2,yes,
R1182RT2,PEPFAR_RT2_HXB2,yes,
R1193RT2,PEPFAR_RT2_HXB2,yes,
R1201RT2,PEPFAR_RT2_HXB2,yes,
R1203RT2,PEPFAR_RT2_HXB2,yes,
R1218RT2,PEPFAR_RT2_HXB2,yes,
R1222RT2,PEPFAR_RT2_HXB2,yes,
R1239RT2,PEPFAR_RT2_HXB2,yes,
R1251RT2,PEPFAR_RT2_HXB2,yes,
R1279RT2,PEPFAR_RT2_HXB2,yes,
R1288RT2,PEPFAR_RT2_HXB2,yes,
R1289RT2,PEPFAR_RT2_HXB2,yes,
R1323RT2,PEPFAR_RT2_HXB2,yes,
R1374RT2,PEPFAR_RT2_HXB2,yes,
R1380RT2,PEPFAR_RT2_HXB2,yes,
R1385RT2,PEPFAR_RT2_HXB2,yes,
R1414RT2,PEPFAR_RT2_HXB2,yes,
R1421RT2,PEPFAR_RT2_HXB2,yes,
R1423RT2,PEPFAR_RT2_HXB2,yes,
R1440RT2,PEPFAR_RT2_HXB2,yes,
R1459RT2,PEPFAR_RT2_HXB2,yes,
R1475RT2,PEPFAR_RT2_HXB2,yes,
R1507RT2,PEPFAR_RT2_HXB2,yes,
R1519RT2,PEPFAR_RT2_HXB2,yes,
R1521RT2,PEPFAR_RT2_HXB2,yes,
R1615RT2,PEPFAR_RT2_HXB2,yes,
R2032RT2,PEPFAR_RT2_HXB2,yes,
1170RT1,PEPFAR_RT1_HXB2,yes,
1172RT1,PEPFAR_RT1_HXB2,yes,
1177RT1,PEPFAR_RT1_HXB2,yes,
1241RT1,PEPFAR_RT1_HXB2,yes,
1249RT1,PEPFAR_RT1_HXB2,yes,
1257RT1,PEPFAR_RT1_HXB2,yes,
1266RT1,PEPFAR_RT1_HXB2,yes,
1267RT1,PEPFAR_RT1_HXB2,yes,
1274RT1,PEPFAR_RT1_HXB2,yes,
1299RT1,PEPFAR_RT1_HXB2,yes,
1307RT1,PEPFAR_RT1_HXB2,yes,
1327RT1,PEPFAR_RT1_HXB2,yes,
1331RT1,PEPFAR_RT1_HXB2,yes,
1346RT1,PEPFAR_RT1_HXB2,yes,
1349RT1,PEPFAR_RT1_HXB2,yes,
1362RT1,PEPFAR_RT1_HXB2,yes,
1368RT1,PEPFAR_RT1_HXB2,yes,
1378RT1,PEPFAR_RT1_HXB2,yes,
1387RT1,PEPFAR_RT1_HXB2,yes,
1419RT1,PEPFAR_RT1_HXB2,yes,
1432RT1,PEPFAR_RT1_HXB2,yes,
1441RT1,PEPFAR_RT1_HXB2,yes,
1444RT1,PEPFAR_RT1_HXB2,yes,
1464RT1,PEPFAR_RT1_HXB2,yes,
1482RT1,PEPFAR_RT1_HXB2,yes,
1483RT1,PEPFAR_RT1_HXB2,yes,
1527RT1,PEPFAR_RT1_HXB2,yes,
1531RT1,PEPFAR_RT1_HXB2,yes,
1537RT1,PEPFAR_RT1_HXB2,yes,
1540RT1,PEPFAR_RT1_HXB2,yes,
1544RT1,PEPFAR_RT1_HXB2,yes,
1555RT1,PEPFAR_RT1_HXB2,yes,
1567RT1,PEPFAR_RT1_HXB2,yes,
1569RT1,PEPFAR_RT1_HXB2,yes,
1599RT1,PEPFAR_RT1_HXB2,yes,
1608RT1,PEPFAR_RT1_HXB2,yes,
1622RT1,PEPFAR_RT1_HXB2,yes,
1637RT1,PEPFAR_RT1_HXB2,yes,
1640RT1,PEPFAR_RT1_HXB2,yes,
1648RT1,PEPFAR_RT1_HXB2,yes,
1662RT1,PEPFAR_RT1_HXB2,yes,
2056RT1,PEPFAR_RT1_HXB2,yes,
2077RT1,PEPFAR_RT1_HXB2,yes,
2090RT1,PEPFAR_RT1_HXB2,yes,
3042RT1,PEPFAR_RT1_HXB2,yes,
3073RT1,PEPFAR_RT1_HXB2,yes,
3170RT1,PEPFAR_RT1_HXB2,yes,
1170RT2,PEPFAR_RT2_HXB2,yes,
1172RT2,PEPFAR_RT2_HXB2,yes,
1177RT2,PEPFAR_RT2_HXB2,yes,
1241RT2,PEPFAR_RT2_HXB2,yes,
1249RT2,PEPFAR_RT2_HXB2,yes,
1257RT2,PEPFAR_RT2_HXB2,yes,
1266RT2,PEPFAR_RT2_HXB2,yes,
1267RT2,PEPFAR_RT2_HXB2,yes,
1274RT2,PEPFAR_RT2_HXB2,yes,
1299RT2,PEPFAR_RT2_HXB2,yes,
1307RT2,PEPFAR_RT2_HXB2,yes,
1327RT2,PEPFAR_RT2_HXB2,yes,
1331RT2,PEPFAR_RT2_HXB2,yes,
1346RT2,PEPFAR_RT2_HXB2,yes,
1349RT2,PEPFAR_RT2_HXB2,yes,
1362RT2,PEPFAR_RT2_HXB2,yes,
1368RT2,PEPFAR_RT2_HXB2,yes,
1378RT2,PEPFAR_RT2_HXB2,yes,
1387RT2,PEPFAR_RT2_HXB2,yes,
1419RT2,PEPFAR_RT2_HXB2,yes,
1432RT2,PEPFAR_RT2_HXB2,yes,
1441RT2,PEPFAR_RT2_HXB2,yes,
1444RT2,PEPFAR_RT2_HXB2,yes,
1464RT2,PEPFAR_RT2_HXB2,yes,
1482RT2,PEPFAR_RT2_HXB2,yes,
1483RT2,PEPFAR_RT2_HXB2,yes,
1527RT2,PEPFAR_RT2_HXB2,yes,
1531RT2,PEPFAR_RT2_HXB2,yes,
1537RT2,PEPFAR_RT2_HXB2,yes,
1540RT2,PEPFAR_RT2_HXB2,yes,
1544RT2,PEPFAR_RT2_HXB2,yes,
1555RT2,PEPFAR_RT2_HXB2,yes,
1567RT2,PEPFAR_RT2_HXB2,yes,
1569RT2,PEPFAR_RT2_HXB2,yes,
1599RT2,PEPFAR_RT2_HXB2,yes,
1608RT2,PEPFAR_RT2_HXB2,yes,
1622RT2,PEPFAR_RT2_HXB2,yes,
1637RT2,PEPFAR_RT2_HXB2,yes,
1640RT2,PEPFAR_RT2_HXB2,yes,
1648RT2,PEPFAR_RT2_HXB2,yes,
1662RT2,PEPFAR_RT2_HXB2,yes,
2056RT2,PEPFAR_RT2_HXB2,yes,
2077RT2,PEPFAR_RT2_HXB2,yes,
2090RT2,PEPFAR_RT2_HXB2,yes,
3042RT2,PEPFAR_RT2_HXB2,yes,
3073RT2,PEPFAR_RT2_HXB2,yes,
3170RT2,PEPFAR_RT2_HXB2,yes,
R1018RT1,PEPFAR_RT1_HXB2,yes,
R1034RT1,PEPFAR_RT1_HXB2,yes,
R1044RT1,PEPFAR_RT1_HXB2,yes,
R1048RT1,PEPFAR_RT1_HXB2,yes,
R1051RT1,PEPFAR_RT1_HXB2,yes,
R1052RT1,PEPFAR_RT1_HXB2,yes,
R1053RT1,PEPFAR_RT1_HXB2,yes,
R1054RT1,PEPFAR_RT1_HXB2,yes,
R1070RT1,PEPFAR_RT1_HXB2,yes,
R1078RT1,PEPFAR_RT1_HXB2,yes,
R1098RT1,PEPFAR_RT1_HXB2,yes,
R1111RT1,PEPFAR_RT1_HXB2,yes,
R1115RT1,PEPFAR_RT1_HXB2,yes,
R1143RT1,PEPFAR_RT1_HXB2,yes,
R1159RT1,PEPFAR_RT1_HXB2,yes,
R1211RT1,PEPFAR_RT1_HXB2,yes,
R1229RT1,PEPFAR_RT1_HXB2,yes,
R1280RT1,PEPFAR_RT1_HXB2,yes,
R1284RT1,PEPFAR_RT1_HXB2,yes,
R1315RT1,PEPFAR_RT1_HXB2,yes,
R1333RT1,PEPFAR_RT1_HXB2,yes,
R1340RT1,PEPFAR_RT1_HXB2,yes,
R1352RT1,PEPFAR_RT1_HXB2,yes,
R1356RT1,PEPFAR_RT1_HXB2,yes,
R1376RT1,PEPFAR_RT1_HXB2,yes,
R1382RT1,PEPFAR_RT1_HXB2,yes,
R1395RT1,PEPFAR_RT1_HXB2,yes,
R1410RT1,PEPFAR_RT1_HXB2,yes,
R1498RT1,PEPFAR_RT1_HXB2,yes,
R1529RT1,PEPFAR_RT1_HXB2,yes,
R1546RT1,PEPFAR_RT1_HXB2,yes,
R1551RT1,PEPFAR_RT1_HXB2,yes,
R1562RT1,PEPFAR_RT1_HXB2,yes,
R1591RT1,PEPFAR_RT1_HXB2,yes,
R1592RT1,PEPFAR_RT1_HXB2,yes,
R1597RT1,PEPFAR_RT1_HXB2,yes,
R1614RT1,PEPFAR_RT1_HXB2,yes,
R1649RT1,PEPFAR_RT1_HXB2,yes,
R3035RT1,PEPFAR_RT1_HXB2,yes,
R3044RT1,PEPFAR_RT1_HXB2,yes,
R3062RT1,PEPFAR_RT1_HXB2,yes,
R3070RT1,PEPFAR_RT1_HXB2,yes,
R3074RT1,PEPFAR_RT1_HXB2,yes,
R3079RT1,PEPFAR_RT1_HXB2,yes,
R3087RT1,PEPFAR_RT1_HXB2,yes,
R3094RT1,PEPFAR_RT1_HXB2,yes,
R1018RT2,PEPFAR_RT2_HXB2,yes,
R1034RT2,PEPFAR_RT2_HXB2,yes,
R1048RT2,PEPFAR_RT2_HXB2,yes,
R1053RT2,PEPFAR_RT2_HXB2,yes,
R1070RT2,PEPFAR_RT2_HXB2,yes,
R1078RT2,PEPFAR_RT2_HXB2,yes,
R1098RT2,PEPFAR_RT2_HXB2,yes,
R1115RT2,PEPFAR_RT2_HXB2,yes,
R1143RT2,PEPFAR_RT2_HXB2,yes,
R1159RT2,PEPFAR_RT2_HXB2,yes,
R1211RT2,PEPFAR_RT2_HXB2,yes,
R1229RT2,PEPFAR_RT2_HXB2,yes,
R1280RT2,PEPFAR_RT2_HXB2,yes,
R1315RT2,PEPFAR_RT2_HXB2,yes,
R1340RT2,PEPFAR_RT2_HXB2,yes,
R1352RT2,PEPFAR_RT2_HXB2,yes,
R1356RT2,PEPFAR_RT2_HXB2,yes,
R1376RT2,PEPFAR_RT2_HXB2,yes,
R1382RT2,PEPFAR_RT2_HXB2,yes,
R1395RT2,PEPFAR_RT2_HXB2,yes,
R1529RT2,PEPFAR_RT2_HXB2,yes,
R1546RT2,PEPFAR_RT2_HXB2,yes,
R1551RT2,PEPFAR_RT2_HXB2,yes,
R1562RT2,PEPFAR_RT2_HXB2,yes,
R1592RT2,PEPFAR_RT2_HXB2,yes,
R1597RT2,PEPFAR_RT2_HXB2,yes,
R1614RT2,PEPFAR_RT2_HXB2,yes,
R1649RT2,PEPFAR_RT2_HXB2,yes,
R3044RT2,PEPFAR_RT2_HXB2,yes,
R3062RT2,PEPFAR_RT2_HXB2,yes,
R3070RT2,PEPFAR_RT2_HXB2,yes,
R3074RT2,PEPFAR_RT2_HXB2,yes,
R3094RT2,PEPFAR_RT2_HXB2,yes,
PIC64236_12wk_RT1,PEPFAR_RT1_HXB2,no,nofilter
PIC71101_12wk_RT1,PEPFAR_RT1_HXB2,no,nofilter
PIC78882_12wk_RT1,PEPFAR_RT1_HXB2,no,nofilter
PIC34971_12wk_RT1,PEPFAR_RT1_HXB2,no,nofilter
PIC28477_12wk_RT1,PEPFAR_RT1_HXB2,no,nofilter
PIC16767_12wk_RT1,PEPFAR_RT1_HXB2,no,nofilter
PIC13600_12wk_RT1,PEPFAR_RT1_HXB2,no,nofilter
PIC23898_12wk_RT1,PEPFAR_RT1_HXB2,no,nofilter
PIC94960_12wk_RT1,PEPFAR_RT1_HXB2,no,nofilter
PIC30756_12wk_RT1,PEPFAR_RT1_HXB2,no,nofilter
PIC27779_12wk_RT1,PEPFAR_RT1_HXB2,no,nofilter
PIC68008_12wk_RT1,PEPFAR_RT1_HXB2,no,nofilter
PIC60090_12wk_RT1,PEPFAR_RT1_HXB2,no,nofilter
PIC66314_12wk_RT1,PEPFAR_RT1_HXB2,no,nofilter
PIC63245_12wk_RT1,PEPFAR_RT1_HXB2,no,nofilter
PIC81206_12wk_RT1,PEPFAR_RT1_HXB2,no,nofilter
PIC27067_12wk_RT2,PEPFAR_RT2_HXB2,no,nofilter
PIC64236_12wk_RT2,PEPFAR_RT2_HXB2,no,nofilter
PIC71101_12wk_RT2,PEPFAR_RT2_HXB2,no,nofilter
PIC78882_12wk_RT2,PEPFAR_RT2_HXB2,no,nofilter
PIC34971_12wk_RT2,PEPFAR_RT2_HXB2,no,nofilter
PIC28477_12wk_RT2,PEPFAR_RT2_HXB2,no,nofilter
PIC16767_12wk_RT2,PEPFAR_RT2_HXB2,no,nofilter
PIC13600_12wk_RT2,PEPFAR_RT2_HXB2,no,nofilter
PIC23898_12wk_RT2,PEPFAR_RT2_HXB2,no,nofilter
PIC94960_12wk_RT2,PEPFAR_RT2_HXB2,no,nofilter
PIC30756_12wk_RT2,PEPFAR_RT2_HXB2,no,nofilter
PIC27779_12wk_RT2,PEPFAR_RT2_HXB2,no,nofilter
PIC68008_12wk_RT2,PEPFAR_RT2_HXB2,no,nofilter
PIC60090_12wk_RT2,PEPFAR_RT2_HXB2,no,nofilter
PIC66314_12wk_RT2,PEPFAR_RT2_HXB2,no,nofilter
PIC63245_12wk_RT2,PEPFAR_RT2_HXB2,no,nofilter
PIC81206_12wk_RT2,PEPFAR_RT2_HXB2,no,nofilter
R1065_RT1_run12_DNA,PEPFAR_RT1_HXB2,no,nofilter.reseq
R1118_RT1_run12_DNA,PEPFAR_RT1_HXB2,no,nofilter.reseq
R1125_RT1_run12_DNA,PEPFAR_RT1_HXB2,no,nofilter.reseq
R1194_RT1_run12_DNA,PEPFAR_RT1_HXB2,no,nofilter.reseq
R1334_RT1_run12_DNA,PEPFAR_RT1_HXB2,no,nofilter.reseq
R1353_RT1_run12_DNA,PEPFAR_RT1_HXB2,no,nofilter.reseq
R2051_RT1_run12_DNA,PEPFAR_RT1_HXB2,no,nofilter.reseq
R3021_RT1_run12_DNA,PEPFAR_RT1_HXB2,no,nofilter.reseq
R3066_RT1_run12_DNA,PEPFAR_RT1_HXB2,no,nofilter.reseq
R3107_RT1_run12_DNA,PEPFAR_RT1_HXB2,no,nofilter.reseq
R3155_RT1_run12_DNA,PEPFAR_RT1_HXB2,no,nofilter.reseq
R3181_RT1_run12_DNA,PEPFAR_RT1_HXB2,no,nofilter.reseq
R1065_RT2_run12_DNA,PEPFAR_RT2_HXB2,no,nofilter.reseq
R1118_RT2_run12_DNA,PEPFAR_RT2_HXB2,no,nofilter.reseq
R1125_RT2_run12_DNA,PEPFAR_RT2_HXB2,no,nofilter.reseq
R1194_RT2_run12_DNA,PEPFAR_RT2_HXB2,no,nofilter.reseq
R1334_RT2_run12_DNA,PEPFAR_RT2_HXB2,no,nofilter.reseq
R1353_RT2_run12_DNA,PEPFAR_RT2_HXB2,no,nofilter.reseq
R2051_RT2_run12_DNA,PEPFAR_RT2_HXB2,no,nofilter.reseq
R3021_RT2_run12_DNA,PEPFAR_RT2_HXB2,no,nofilter.reseq
R3066_RT2_run12_DNA,PEPFAR_RT2_HXB2,no,nofilter.reseq
R3107_RT2_run12_DNA,PEPFAR_RT2_HXB2,no,nofilter.reseq
R3155_RT2_run12_DNA,PEPFAR_RT2_HXB2,no,nofilter.reseq
R3181_RT2_run12_DNA,PEPFAR_RT2_HXB2,no,nofilter.reseq
104_RT1_run12_DNA,PEPFAR_RT1_HXB2,no,nofilter.reseq2
107_RT1_run12_DNA,PEPFAR_RT1_HXB2,no,nofilter.reseq2
115_RT1_run12_DNA,PEPFAR_RT1_HXB2,no,nofilter.reseq2
117_RT1_run12_DNA,PEPFAR_RT1_HXB2,no,nofilter.reseq2
118_RT1_run12_DNA,PEPFAR_RT1_HXB2,no,nofilter.reseq2
129_RT1_run12_DNA,PEPFAR_RT1_HXB2,no,nofilter.reseq2
139_RT1_run12_DNA,PEPFAR_RT1_HXB2,no,nofilter.reseq2
143_RT1_run12_DNA,PEPFAR_RT1_HXB2,no,nofilter.reseq2
152_RT1_run12_DNA,PEPFAR_RT1_HXB2,no,nofilter.reseq2
158_RT1_run12_DNA,PEPFAR_RT1_HXB2,no,nofilter.reseq2
160_RT1_run12_DNA,PEPFAR_RT1_HXB2,no,nofilter.reseq2
167_RT1_run12_DNA,PEPFAR_RT1_HXB2,no,nofilter.reseq2
168_RT1_run12_DNA,PEPFAR_RT1_HXB2,no,nofilter.reseq2
174_RT1_run12_DNA,PEPFAR_RT1_HXB2,no,nofilter.reseq2
188_RT1_run12_DNA,PEPFAR_RT1_HXB2,no,nofilter.reseq2
189_RT1_run12_DNA,PEPFAR_RT1_HXB2,no,nofilter.reseq2
191_RT1_run12_DNA,PEPFAR_RT1_HXB2,no,nofilter.reseq2
194_RT1_run12_DNA,PEPFAR_RT1_HXB2,no,nofilter.reseq2
196_RT1_run12_DNA,PEPFAR_RT1_HXB2,no,nofilter.reseq2
211_RT1_run12_DNA,PEPFAR_RT1_HXB2,no,nofilter.reseq2
214_RT1_run12_DNA,PEPFAR_RT1_HXB2,no,nofilter.reseq2
216_RT1_run12_DNA,PEPFAR_RT1_HXB2,no,nofilter.reseq2
219_RT1_run12_DNA,PEPFAR_RT1_HXB2,no,nofilter.reseq2
220_RT1_run12_DNA,PEPFAR_RT1_HXB2,no,nofilter.reseq2
226_RT1_run12_DNA,PEPFAR_RT1_HXB2,no,nofilter.reseq2
227_RT1_run12_DNA,PEPFAR_RT1_HXB2,no,nofilter.reseq2
232_RT1_run12_DNA,PEPFAR_RT1_HXB2,no,nofilter.reseq2
235_RT1_run12_DNA,PEPFAR_RT1_HXB2,no,nofilter.reseq2
236_RT1_run12_DNA,PEPFAR_RT1_HXB2,no,nofilter.reseq2
238_RT1_run12_DNA,PEPFAR_RT1_HXB2,no,nofilter.reseq2
240_RT1_run12_DNA,PEPFAR_RT1_HXB2,no,nofilter.reseq2
245_RT1_run12_DNA,PEPFAR_RT1_HXB2,no,nofilter.reseq2
252_RT1_run12_DNA,PEPFAR_RT1_HXB2,no,nofilter.reseq2
263_RT1_run12_DNA,PEPFAR_RT1_HXB2,no,nofilter.reseq2
277_RT1_run12_DNA,PEPFAR_RT1_HXB2,no,nofilter.reseq2
104_RT2_run12_DNA,PEPFAR_RT2_HXB2,no,nofilter.reseq2
107_RT2_run12_DNA,PEPFAR_RT2_HXB2,no,nofilter.reseq2
115_RT2_run12_DNA,PEPFAR_RT2_HXB2,no,nofilter.reseq2
117_RT2_run12_DNA,PEPFAR_RT2_HXB2,no,nofilter.reseq2
118_RT2_run12_DNA,PEPFAR_RT2_HXB2,no,nofilter.reseq2
129_RT2_run12_DNA,PEPFAR_RT2_HXB2,no,nofilter.reseq2
139_RT2_run12_DNA,PEPFAR_RT2_HXB2,no,nofilter.reseq2
143_RT2_run12_DNA,PEPFAR_RT2_HXB2,no,nofilter.reseq2
152_RT2_run12_DNA,PEPFAR_RT2_HXB2,no,nofilter.reseq2
158_RT2_run12_DNA,PEPFAR_RT2_HXB2,no,nofilter.reseq2
160_RT2_run12_DNA,PEPFAR_RT2_HXB2,no,nofilter.reseq2
167_RT2_run12_DNA,PEPFAR_RT2_HXB2,no,nofilter.reseq2
168_RT2_run12_DNA,PEPFAR_RT2_HXB2,no,nofilter.reseq2
174_RT2_run12_DNA,PEPFAR_RT2_HXB2,no,nofilter.reseq2
188_RT2_run12_DNA,PEPFAR_RT2_HXB2,no,nofilter.reseq2
189_RT2_run12_DNA,PEPFAR_RT2_HXB2,no,nofilter.reseq2
191_RT2_run12_DNA,PEPFAR_RT2_HXB2,no,nofilter.reseq2
194_RT2_run12_DNA,PEPFAR_RT2_HXB2,no,nofilter.reseq2
196_RT2_run12_DNA,PEPFAR_RT2_HXB2,no,nofilter.reseq2
211_RT2_run12_DNA,PEPFAR_RT2_HXB2,no,nofilter.reseq2
214_RT2_run12_DNA,PEPFAR_RT2_HXB2,no,nofilter.reseq2
216_RT2_run12_DNA,PEPFAR_RT2_HXB2,no,nofilter.reseq2
219_RT2_run12_DNA,PEPFAR_RT2_HXB2,no,nofilter.reseq2
220_RT2_run12_DNA,PEPFAR_RT2_HXB2,no,nofilter.reseq2
226_RT2_run12_DNA,PEPFAR_RT2_HXB2,no,nofilter.reseq2
227_RT2_run12_DNA,PEPFAR_RT2_HXB2,no,nofilter.reseq2
232_RT2_run12_DNA,PEPFAR_RT2_HXB2,no,nofilter.reseq2
235_RT2_run12_DNA,PEPFAR_RT2_HXB2,no,nofilter.reseq2
236_RT2_run12_DNA,PEPFAR_RT2_HXB2,no,nofilter.reseq2
238_RT2_run12_DNA,PEPFAR_RT2_HXB2,no,nofilter.reseq2
240_RT2_run12_DNA,PEPFAR_RT2_HXB2,no,nofilter.reseq2
245_RT2_run12_DNA,PEPFAR_RT2_HXB2,no,nofilter.reseq2
252_RT2_run12_DNA,PEPFAR_RT2_HXB2,no,nofilter.reseq2
263_RT2_run12_DNA,PEPFAR_RT2_HXB2,no,nofilter.reseq2
277_RT2_run12_DNA,PEPFAR_RT2_HXB2,no,nofilter.reseq2
PIC27067-RNA_baseline,AF033819_pol,no,nofilter
PIC83673-RNA_baseline,AF033819_pol,no,nofilter
PIC87014-RNA_baseline,AF033819_pol,no,nofilter
PIC38526-RNA_baseline,AF033819_pol,no,nofilter
PIC78882-RNA_baseline,AF033819_pol,no,nofilter
PIC75688-RNA_baseline,AF033819_pol,no,nofilter
PIC71276-RNA_baseline,AF033819_pol,no,nofilter
PIC83747-RNA_baseline,AF033819_pol,no,nofilter
PIC59530-RNA_baseline,AF033819_pol,no,nofilter
PIC38417-RNA_baseline,AF033819_pol,no,nofilter
PIC14359-RNA_baseline,AF033819_pol,no,nofilter
PIC68169-RNA_baseline,AF033819_pol,no,nofilter
PIC13600-RNA_baseline,AF033819_pol,no,nofilter
PIC23898-RNA_baseline,AF033819_pol,no,nofilter
PIC94960-RNA_baseline,AF033819_pol,no,nofilter
PIC30756-RNA_baseline,AF033819_pol,no,nofilter
PIC27779-RNA_baseline,AF033819_pol,no,nofilter
PIC68008-RNA_baseline,AF033819_pol,no,nofilter
PIC82712-RNA_baseline,AF033819_pol,no,nofilter
PIC45799-RNA_baseline,AF033819_pol,no,nofilter
PIC55754-RNA_baseline,AF033819_pol,no,nofilter
PIC99203-RNA_baseline,AF033819_pol,no,nofilter
PIC60090-RNA_baseline,AF033819_pol,no,nofilter
PIC89071-RNA_baseline,AF033819_pol,no,nofilter
PIC64362-RNA_baseline,AF033819_pol,no,nofilter
PIC66314-RNA_baseline,AF033819_pol,no,nofilter
PIC81206-RNA_baseline,AF033819_pol,no,nofilter
PIC27067-DNA_baseline,AF033819_pol,no,nofilter
PIC83673-DNA_baseline,AF033819_pol,no,nofilter
PIC87014-DNA_baseline,AF033819_pol,no,nofilter
PIC11439-DNA_baseline,AF033819_pol,no,nofilter
PIC64236-DNA_baseline,AF033819_pol,no,nofilter
PIC71101-DNA_baseline,AF033819_pol,no,nofilter
PIC78882-DNA_baseline,AF033819_pol,no,nofilter
PIC75688-DNA_baseline,AF033819_pol,no,nofilter
PIC83747-DNA_baseline,AF033819_pol,no,nofilter
PIC34971-DNA_baseline,AF033819_pol,no,nofilter
PIC59530-DNA_baseline,AF033819_pol,no,nofilter
PIC38417-DNA_baseline,AF033819_pol,no,nofilter
PIC14359-DNA_baseline,AF033819_pol,no,nofilter
PIC28477-DNA_baseline,AF033819_pol,no,nofilter
PIC58750-DNA_baseline,AF033819_pol,no,nofilter
PIC41325-DNA_baseline,AF033819_pol,no,nofilter
PIC88403-DNA_baseline,AF033819_pol,no,nofilter
PIC54805-DNA_baseline,AF033819_pol,no,nofilter
PIC16767-DNA_baseline,AF033819_pol,no,nofilter
PIC17543-DNA_baseline,AF033819_pol,no,nofilter
PIC13600-DNA_baseline,AF033819_pol,no,nofilter
PIC23898-DNA_baseline,AF033819_pol,no,nofilter
PIC94960-DNA_baseline,AF033819_pol,no,nofilter
PIC25122-DNA_baseline,AF033819_pol,no,nofilter
PIC53380-DNA_baseline,AF033819_pol,no,nofilter
PIC26767-DNA_baseline,AF033819_pol,no,nofilter
PIC30756-DNA_baseline,AF033819_pol,no,nofilter
PIC27779-DNA_baseline,AF033819_pol,no,nofilter
PIC68008-DNA_baseline,AF033819_pol,no,nofilter
PIC82712-DNA_baseline,AF033819_pol,no,nofilter
PIC45799-DNA_baseline,AF033819_pol,no,nofilter
PIC55754-DNA_baseline,AF033819_pol,no,nofilter
PIC60090-DNA_baseline,AF033819_pol,no,nofilter
PIC54566-DNA_baseline,AF033819_pol,no,nofilter
PIC89071-DNA_baseline,AF033819_pol,no,nofilter
PIC64362-DNA_baseline,AF033819_pol,no,nofilter
PIC60841-DNA_baseline,AF033819_pol,no,nofilter
PIC37858-DNA_baseline,AF033819_pol,no,nofilter
PIC66314-DNA_baseline,AF033819_pol,no,nofilter
PIC63245-DNA_baseline,AF033819_pol,no,nofilter
PIC81206-DNA_baseline,AF033819_pol,no,nofilter
pKS-pol-ill_RT1_run12_DNA,PEPFAR_RT2_HXB2,no,nofilter
PKS-pol-ill_RT2_run12_DNA,PEPFAR_RT2_HXB2,no,nofilter
140_RT1_run13_DNA,PEPFAR_RT1_HXB2,no,nofilter
270_RT1_run13_DNA,PEPFAR_RT1_HXB2,no,nofilter
140_RT2_run13_DNA,PEPFAR_RT2_HXB2,no,nofilter
270_RT2_run13_DNA,PEPFAR_RT2_HXB2,no,nofilter
R1005_RT1_run13_RNA,PEPFAR_RT1_HXB2,yes,nofilter
R1027_RT1_run13_RNA,PEPFAR_RT1_HXB2,yes,nofilter
R1030_RT1_run13_RNA,PEPFAR_RT1_HXB2,yes,nofilter
R1033_RT1_run13_RNA,PEPFAR_RT1_HXB2,yes,nofilter
R1069_RT1_run13_RNA,PEPFAR_RT1_HXB2,yes,nofilter
R1077_RT1_run13_RNA,PEPFAR_RT1_HXB2,yes,nofilter
R1097_RT1_run13_RNA,PEPFAR_RT1_HXB2,yes,nofilter
R1131_RT1_run13_RNA,PEPFAR_RT1_HXB2,yes,nofilter
R1155_RT1_run13_RNA,PEPFAR_RT1_HXB2,yes,nofilter
R1225_RT1_run13_RNA,PEPFAR_RT1_HXB2,yes,nofilter
R1249_RT1_run13_RNA,PEPFAR_RT1_HXB2,yes,nofilter
R1253_RT1_run13_RNA,PEPFAR_RT1_HXB2,yes,nofilter
R1420_RT1_run13_RNA,PEPFAR_RT1_HXB2,yes,nofilter
R1486_RT1_run13_RNA,PEPFAR_RT1_HXB2,yes,nofilter
R1667_RT1_run13_RNA,PEPFAR_RT1_HXB2,yes,nofilter
R3129_RT1_run13_RNA,PEPFAR_RT1_HXB2,yes,nofilter
R1005_RT2_run13_RNA,PEPFAR_RT2_HXB2,yes,nofilter
R1027_RT2_run13_RNA,PEPFAR_RT2_HXB2,yes,nofilter
R1030_RT2_run13_RNA,PEPFAR_RT2_HXB2,yes,nofilter
R1033_RT2_run13_RNA,PEPFAR_RT2_HXB2,yes,nofilter
R1069_RT2_run13_RNA,PEPFAR_RT2_HXB2,yes,nofilter
R1077_RT2_run13_RNA,PEPFAR_RT2_HXB2,yes,nofilter
R1097_RT2_run13_RNA,PEPFAR_RT2_HXB2,yes,nofilter
R1131_RT2_run13_RNA,PEPFAR_RT2_HXB2,yes,nofilter
R1155_RT2_run13_RNA,PEPFAR_RT2_HXB2,yes,nofilter
R1225_RT2_run13_RNA,PEPFAR_RT2_HXB2,yes,nofilter
R1249_RT2_run13_RNA,PEPFAR_RT2_HXB2,yes,nofilter
R1253_RT2_run13_RNA,PEPFAR_RT2_HXB2,yes,nofilter
R1420_RT2_run13_RNA,PEPFAR_RT2_HXB2,yes,nofilter
R1486_RT2_run13_RNA,PEPFAR_RT2_HXB2,yes,nofilter
R1547_RT2_run13_RNA,PEPFAR_RT2_HXB2,yes,nofilter
R1642_RT2_run13_RNA,PEPFAR_RT2_HXB2,yes,nofilter
R1667_RT2_run13_RNA,PEPFAR_RT2_HXB2,yes,nofilter
R1673_RT2_run13_RNA,PEPFAR_RT2_HXB2,yes,nofilter
R3129_RT2_run13_RNA,PEPFAR_RT2_HXB2,yes,nofilter
PIC27067_24wk_RT1_DNA,PEPFAR_RT1_HXB2,no,nofilter
PIC87014_24wk_RT1_DNA,PEPFAR_RT1_HXB2,no,nofilter
PIC11439_24wk_RT1_DNA,PEPFAR_RT1_HXB2,no,nofilter
PIC64236_24wk_RT1_DNA,PEPFAR_RT1_HXB2,no,nofilter
PIC71101_24wk_RT1_DNA,PEPFAR_RT1_HXB2,no,nofilter
PIC34971_24wk_RT1_DNA,PEPFAR_RT1_HXB2,no,nofilter
PIC28477_24wk_RT1_DNA,PEPFAR_RT1_HXB2,no,nofilter
PIC54805_24wk_RT1_DNA,PEPFAR_RT1_HXB2,no,nofilter
PIC16767_24wk_RT1_DNA,PEPFAR_RT1_HXB2,no,nofilter
PIC94960_24wk_RT1_DNA,PEPFAR_RT1_HXB2,no,nofilter
PIC25122_24wk_RT1_DNA,PEPFAR_RT1_HXB2,no,nofilter
PIC30756_24wk_RT1_DNA,PEPFAR_RT1_HXB2,no,nofilter
PIC27779_24wk_RT1_DNA,PEPFAR_RT1_HXB2,no,nofilter
PIC68008_24wk_RT1_DNA,PEPFAR_RT1_HXB2,no,nofilter
PIC89071_24wk_RT1_DNA,PEPFAR_RT1_HXB2,no,nofilter
PIC37858_24wk_RT1_DNA,PEPFAR_RT1_HXB2,no,nofilter
PIC66314_24wk_RT1_DNA,PEPFAR_RT1_HXB2,no,nofilter
PIC27067_24wk_RT2_DNA,PEPFAR_RT2_HXB2,no,nofilter
PIC87014_24wk_RT2_DNA,PEPFAR_RT2_HXB2,no,nofilter
PIC11439_24wk_RT2_DNA,PEPFAR_RT2_HXB2,no,nofilter
PIC64236_24wk_RT2_DNA,PEPFAR_RT2_HXB2,no,nofilter
PIC71101_24wk_RT2_DNA,PEPFAR_RT2_HXB2,no,nofilter
PIC34971_24wk_RT2_DNA,PEPFAR_RT2_HXB2,no,nofilter
PIC28477_24wk_RT2_DNA,PEPFAR_RT2_HXB2,no,nofilter
PIC54805_24wk_RT2_DNA,PEPFAR_RT2_HXB2,no,nofilter
PIC16767_24wk_RT2_DNA,PEPFAR_RT2_HXB2,no,nofilter
PIC94960_24wk_RT2_DNA,PEPFAR_RT2_HXB2,no,nofilter
PIC25122_24wk_RT2_DNA,PEPFAR_RT2_HXB2,no,nofilter
PIC30756_24wk_RT2_DNA,PEPFAR_RT2_HXB2,no,nofilter
PIC27779_24wk_RT2_DNA,PEPFAR_RT2_HXB2,no,nofilter
PIC68008_24wk_RT2_DNA,PEPFAR_RT2_HXB2,no,nofilter
PIC89071_24wk_RT2_DNA,PEPFAR_RT2_HXB2,no,nofilter
PIC37858_24wk_RT2_DNA,PEPFAR_RT2_HXB2,no,nofilter
PIC66314_24wk_RT2_DNA,PEPFAR_RT2_HXB2,no,nofilter

